{
	"credit": "Made with Blockbench",
	"texture_size": [64, 64],
	"textures": {
		"3": "item/rods/cloudsteel_rod",
		"particle": "item/rods/sungwood_rod"
	},
	"elements": [
		{
			"from": [5.5, 3.18754, 11.53322],
			"to": [10.5, 8.18754, 16.53322],
			"rotation": {"angle": 0, "axis": "x", "origin": [5.28661, 6.4067, 2.93365]},
			"faces": {
				"north": {"uv": [1.254, 0.504, 2.496, 1.746], "rotation": 270, "texture": "#3"},
				"east": {"uv": [1.254, 0.504, 2.496, 1.746], "rotation": 180, "texture": "#3"},
				"south": {"uv": [1.254, 0.504, 2.496, 1.746], "rotation": 90, "texture": "#3"},
				"west": {"uv": [1.254, 0.504, 2.496, 1.746], "texture": "#3"},
				"up": {"uv": [1.254, 0.504, 2.496, 1.746], "rotation": 90, "texture": "#3"},
				"down": {"uv": [1.254, 0.504, 2.496, 1.746], "rotation": 270, "texture": "#3"}
			}
		},
		{
			"from": [5.5, 23.44615, -8.72539],
			"to": [10.5, 28.44615, -3.72539],
			"rotation": {"angle": 0, "axis": "x", "origin": [5.28661, 6.4067, 2.93365]},
			"faces": {
				"north": {"uv": [1.254, 0.504, 2.496, 1.746], "rotation": 270, "texture": "#3"},
				"east": {"uv": [1.254, 0.504, 2.496, 1.746], "rotation": 180, "texture": "#3"},
				"south": {"uv": [1.254, 0.504, 2.496, 1.746], "rotation": 90, "texture": "#3"},
				"west": {"uv": [1.254, 0.504, 2.496, 1.746], "texture": "#3"},
				"up": {"uv": [1.254, 0.504, 2.496, 1.746], "rotation": 90, "texture": "#3"},
				"down": {"uv": [1.254, 0.504, 2.496, 1.746], "rotation": 270, "texture": "#3"}
			}
		},
		{
			"from": [6.5, -4.25233, 20.9731],
			"to": [9.5, -1.25233, 23.9731],
			"rotation": {"angle": 0, "axis": "x", "origin": [5.28661, 6.4067, 2.93365]},
			"faces": {
				"north": {"uv": [6.504, 0.754, 7.246, 1.496], "rotation": 270, "texture": "#3"},
				"east": {"uv": [6.504, 0.754, 7.246, 1.496], "rotation": 180, "texture": "#3"},
				"south": {"uv": [6.504, 0.754, 7.246, 1.496], "rotation": 90, "texture": "#3"},
				"west": {"uv": [6.504, 0.754, 7.246, 1.496], "texture": "#3"},
				"up": {"uv": [6.504, 0.754, 7.246, 1.496], "rotation": 90, "texture": "#3"},
				"down": {"uv": [6.504, 0.754, 7.246, 1.496], "rotation": 270, "texture": "#3"}
			}
		},
		{
			"from": [5.5, 5.19959, 7.77371],
			"to": [10.5, 6.19959, 13.77371],
			"rotation": {"angle": -45, "axis": "x", "origin": [5.28661, 6.4067, 2.93365]},
			"faces": {
				"north": {"uv": [1.254, 0.504, 2.496, 0.746], "rotation": 180, "texture": "#3"},
				"east": {"uv": [1.254, 1.754, 1.496, 3.246], "rotation": 90, "texture": "#3"},
				"south": {"uv": [1.254, 3.004, 2.496, 3.246], "texture": "#3"},
				"west": {"uv": [1.254, 3.246, 1.496, 1.754], "rotation": 90, "texture": "#3"},
				"up": {"uv": [1.254, 3.246, 2.496, 1.754], "rotation": 180, "texture": "#3"},
				"down": {"uv": [1.254, 3.246, 2.496, 1.754], "texture": "#3"}
			}
		},
		{
			"from": [5.5, 12.19959, 7.77371],
			"to": [10.5, 13.19959, 13.77371],
			"rotation": {"angle": -45, "axis": "x", "origin": [5.28661, 6.4067, 2.93365]},
			"faces": {
				"north": {"uv": [1.254, 0.504, 2.496, 0.746], "rotation": 180, "texture": "#3"},
				"east": {"uv": [1.254, 1.754, 1.496, 3.246], "rotation": 90, "texture": "#3"},
				"south": {"uv": [1.254, 3.004, 2.496, 3.246], "texture": "#3"},
				"west": {"uv": [1.254, 3.246, 1.496, 1.754], "rotation": 90, "texture": "#3"},
				"up": {"uv": [1.254, 3.246, 2.496, 1.754], "rotation": 180, "texture": "#3"},
				"down": {"uv": [1.254, 3.246, 2.496, 1.754], "texture": "#3"}
			}
		},
		{
			"from": [5.5, 19.19959, 7.77371],
			"to": [10.5, 20.19959, 13.77371],
			"rotation": {"angle": -45, "axis": "x", "origin": [5.28661, 6.4067, 2.93365]},
			"faces": {
				"north": {"uv": [1.254, 0.504, 2.496, 0.746], "rotation": 180, "texture": "#3"},
				"east": {"uv": [1.254, 1.754, 1.496, 3.246], "rotation": 90, "texture": "#3"},
				"south": {"uv": [1.254, 3.004, 2.496, 3.246], "texture": "#3"},
				"west": {"uv": [1.254, 3.246, 1.496, 1.754], "rotation": 90, "texture": "#3"},
				"up": {"uv": [1.254, 3.246, 2.496, 1.754], "rotation": 180, "texture": "#3"},
				"down": {"uv": [1.254, 3.246, 2.496, 1.754], "texture": "#3"}
			}
		},
		{
			"from": [4, 8.92943, 9.4703],
			"to": [5.5, 10.92943, 14.4703],
			"rotation": {"angle": 22.5, "axis": "x", "origin": [5.28661, 6.4067, 2.93365]},
			"faces": {
				"north": {"uv": [1.254, 0.504, 2.496, 0.746], "rotation": 270, "texture": "#3"},
				"east": {"uv": [1.254, 0.504, 2.496, 0.746], "rotation": 180, "texture": "#3"},
				"south": {"uv": [1.254, 0.504, 2.496, 0.746], "rotation": 90, "texture": "#3"},
				"west": {"uv": [1.254, 0.504, 2.496, 0.746], "texture": "#3"},
				"up": {"uv": [1.254, 0.504, 2.496, 0.746], "rotation": 90, "texture": "#3"},
				"down": {"uv": [1.254, 0.504, 2.496, 0.746], "rotation": 270, "texture": "#3"}
			}
		},
		{
			"from": [1, 8.67943, 8.7203],
			"to": [4, 11.67943, 11.7203],
			"rotation": {"angle": 22.5, "axis": "x", "origin": [5.28661, 6.4067, 2.93365]},
			"faces": {
				"north": {"uv": [2.754, 1.754, 3.496, 2.496], "rotation": 180, "texture": "#3"},
				"east": {"uv": [2.754, 1.754, 3.496, 2.496], "rotation": 90, "texture": "#3"},
				"south": {"uv": [2.754, 1.754, 3.496, 2.496], "texture": "#3"},
				"west": {"uv": [2.754, 1.754, 3.496, 2.496], "rotation": 270, "texture": "#3"},
				"up": {"uv": [2.754, 1.754, 3.496, 2.496], "texture": "#3"},
				"down": {"uv": [2.754, 1.754, 3.496, 2.496], "rotation": 180, "texture": "#3"}
			}
		},
		{
			"from": [7.83553, -8.26876, 10.7737],
			"to": [7.83553, -0.39376, 13.7737],
			"rotation": {"angle": -22.5, "axis": "x", "origin": [5.28661, 6.4067, 2.93365]},
			"faces": {
				"east": {"uv": [2.246, 5.9875, 1.504, 4.01875], "rotation": 180, "texture": "#3"},
				"west": {"uv": [1.504, 5.9875, 2.246, 4.01875], "rotation": 180, "texture": "#3"}
			}
		},
		{
			"from": [7.88553, 0.93823, 12.35677],
			"to": [7.88553, 8.81323, 15.35677],
			"rotation": {"angle": 22.5, "axis": "x", "origin": [5.28661, 6.4067, 2.93365]},
			"faces": {
				"east": {"uv": [2.246, 5.9875, 1.504, 4.01875], "rotation": 180, "texture": "#3"},
				"west": {"uv": [1.504, 5.9875, 2.246, 4.01875], "rotation": 180, "texture": "#3"}
			}
		},
		{
			"from": [7.83553, 9.54745, 15.52514],
			"to": [7.83553, 12.54745, 23.40014],
			"rotation": {"angle": 22.5, "axis": "x", "origin": [5.28661, 6.4067, 2.93365]},
			"faces": {
				"east": {"uv": [1.504, 5.9875, 2.246, 4.01875], "rotation": 270, "texture": "#3"},
				"west": {"uv": [2.246, 5.9875, 1.504, 4.01875], "rotation": 90, "texture": "#3"}
			}
		},
		{
			"from": [7.88553, -0.22539, 14.50791],
			"to": [7.88553, 2.77461, 22.38291],
			"rotation": {"angle": -22.5, "axis": "x", "origin": [5.28661, 6.4067, 2.93365]},
			"faces": {
				"east": {"uv": [2.246, 4.01875, 1.504, 5.9875], "rotation": 90, "texture": "#3"},
				"west": {"uv": [1.504, 4.01875, 2.246, 5.9875], "rotation": 270, "texture": "#3"}
			}
		},
		{
			"from": [6.57322, -6.30399, 8.82271],
			"to": [9.57322, 28.69601, 11.82271],
			"rotation": {"angle": -45, "axis": "x", "origin": [5.28661, 6.4067, 2.93365]},
			"faces": {
				"north": {"uv": [0.004, 0.004, 0.75, 8.746], "texture": "#3"},
				"east": {"uv": [0.004, 0.004, 0.746, 8.746], "texture": "#3"},
				"south": {"uv": [0.004, 0.004, 0.75, 8.746], "texture": "#3"},
				"west": {"uv": [0.004, 0.004, 0.746, 8.746], "texture": "#3"},
				"up": {"uv": [0.004, 0.004, 0.75, 0.746], "texture": "#3"},
				"down": {"uv": [0.004, 0.004, 0.75, 0.746], "texture": "#3"}
			}
		},
		{
			"from": [6.82322, -14.80399, 9.07271],
			"to": [9.32322, -1.80399, 11.57271],
			"rotation": {"angle": -45, "axis": "x", "origin": [5.28661, 6.4067, 2.93365]},
			"faces": {
				"north": {"uv": [1.504, 6.004, 2.246, 9.246], "texture": "#3"},
				"east": {"uv": [1.504, 6.004, 2.246, 9.246], "texture": "#3"},
				"south": {"uv": [1.504, 6.004, 2.246, 9.246], "texture": "#3"},
				"west": {"uv": [1.504, 6.004, 2.246, 9.246], "texture": "#3"},
				"up": {"uv": [1.504, 6.004, 2.246, 9.246], "texture": "#3"},